Workbook

Sheet Readme_AboutThisFile
A1: Sourced from Willamette Flow Frequency Study

Sheet Reaches
A1: The top 5 lines of this sheet are reserved for descriptive comments. The headers should be in line 6 and data in row 7.
A2: The reaches are shown in GIS as the shapefile "Reaches.shp"
D4: ***Might want to add HMS naming conventions to Trey's master location file
F5: Proposed
A6: OrderID | B6: ReachName_HMS | C6: Upstream_Junction | D6: Downstream_Junction | E6: RoutingID | F6: Method | G6: NumSubreaches | H6: LengthMiles | I6: Slope_ft_per_mile | J6: Notes | K6: PlotGroup | L6: MaxFlow
A7: 1 | B7: MFWillametteRV_R70 | C7: HillsCreek_Out | D7: NForkWillamette_CF | E7: =A7 -> 1 | F7: ModPuls | G7: 1 | H7: 7.4 | I7: 5.1 | K7: 1 | L7: =INDEX(Junctions!$L$7:$L$61,MATCH(Reaches!C7,Junctions!$B$7:$B$61,0)) -> 34000
A8: 2 | B8: MFWillametteRV_R60 | C8: NForkWillamette_CF | D8: OakRidge_Below_NFork | E8: =A8 -> 2 | F8: ModPuls | G8: 1 | H8: 4.1 | I8: 102.7 | K8: 1 | L8: =INDEX(Junctions!$L$7:$L$61,MATCH(Reaches!C8,Junctions!$B$7:$B$61,0)) -> 81800
A9: 3 | B9: MFWillametteRV_R55 | C9: OakRidge_Below_NFork | D9: LookoutPoint_In | E9: =A9 -> 3 | F9: ModPuls | G9: 2 | H9: 17 | I9: 67.9 | J9: New Reach in HMS | K9: 1 | L9: =INDEX(Junctions!$L$7:$L$61,MATCH(Reaches!C9,Junctions!$B$7:$B$61,0)) -> 81800
A10: 3.1 | B10: MFWillametteRV_R53 | C10: LookoutPoint_In | D10: Dexter_In | E10: 9903 | F10: Null | G10: 1 | H10: 99 | I10: 99 | J10: Only for connectivity, not a real reach | K10: 1 | L10: =INDEX(Junctions!$L$7:$L$61,MATCH(Reaches!C10,Junctions!$B$7:$B$61,0)) -> 81800
A11: 3.2 | B11: MFWillametteRV_R52 | C11: Dexter_In | D11: Dexter_Out | E11: 9904 | F11: Null | G11: 1 | H11: 99 | I11: 99 | J11: Only for connectivity, not a real reach | K11: 1 | L11: =INDEX(Junctions!$L$7:$L$61,MATCH(Reaches!C11,Junctions!$B$7:$B$61,0)) -> 81800
A12: 4 | B12: MFWillametteRv_R30 | C12: Dexter_Out | D12: FallCk_CF | E12: =A12 -> 4 | F12: ModPuls | G12: 1 | H12: 5.4 | I12: 15.2 | K12: 1 | L12: =INDEX(Junctions!$L$7:$L$61,MATCH(Reaches!C12,Junctions!$B$7:$B$61,0)) -> 81800
A13: 5 | B13: FallCk_R10 | C13: FallCreek_Out | D13: FallCk_CF | E13: =A13 -> 5 | F13: ModPuls | G13: 1 | H13: 7 | I13: 19.9 | K13: 1 | L13: =INDEX(Junctions!$L$7:$L$61,MATCH(Reaches!C13,Junctions!$B$7:$B$61,0)) -> 24700
A14: 6 | B14: MFWillametteRv_R20 | C14: FallCk_CF | D14: Jasper | E14: =A14 -> 6 | F14: ModPuls | G14: 1 | H14: 3 | I14: 10.5 | K14: 1 | L14: =INDEX(Junctions!$L$7:$L$61,MATCH(Reaches!C14,Junctions!$B$7:$B$61,0)) -> 73400
A15: 7 | B15: MFWillametteRv_R10 | C15: Jasper | D15: CoastFork_CF | E15: =A15 -> 7 | F15: ModPuls | G15: 2 | H15: 8 | I15: 15 | K15: 1 | L15: =INDEX(Junctions!$L$7:$L$61,MATCH(Reaches!C15,Junctions!$B$7:$B$61,0)) -> 73400
A16: 8 | B16: RowRv_R10 | C16: Dorena_Out | D16: RowRv_CF | E16: =A16 -> 8 | F16: ModPuls | G16: 2 | H16: 7.5 | I16: 17.8 | K16: 2 | L16: =INDEX(Junctions!$L$7:$L$61,MATCH(Reaches!C16,Junctions!$B$7:$B$61,0)) -> 21400
A17: 9 | B17: CFWillametteRv_R30 | C17: CottageGrove_Out | D17: RowRv_CF | E17: =A17 -> 9 | F17: ModPuls | G17: 2 | H17: 8.8 | I17: 8.7 | K17: 2 | L17: =INDEX(Junctions!$L$7:$L$61,MATCH(Reaches!C17,Junctions!$B$7:$B$61,0)) -> 12000
A18: 10 | B18: CFWillametteRv_R20 | C18: RowRv_CF | D18: Goshen | E18: =A18 -> 10 | F18: ModPuls | G18: 5 | H18: 14.3 | I18: 14.2 | K18: 2 | L18: =INDEX(Junctions!$L$7:$L$61,MATCH(Reaches!C18,Junctions!$B$7:$B$61,0)) -> 33400
A19: 11 | B19: CFWillametteRv_R10 | C19: Goshen | D19: CoastFork_CF | E19: =A19 -> 11 | F19: ModPuls | G19: 2 | H19: 5.6 | I19: 8.8 | K19: 2 | L19: =INDEX(Junctions!$L$7:$L$61,MATCH(Reaches!C19,Junctions!$B$7:$B$61,0)) -> 33400
A20: 12 | B20: WillametteRV_R170 | C20: CoastFork_CF | D20: McKenzie_CF | E20: =A20 -> 12 | F20: ModPuls | G20: 3 | H20: 11.7 | I20: 6.5 | K20: 5 | L20: =INDEX(Junctions!$L$7:$L$61,MATCH(Reaches!C20,Junctions!$B$7:$B$61,0)) -> 140000
A21: 13 | B21: McKenzieRv_R50 | C21: TrailBridge_Out | D21: SFMckenzie_CF | E21: =A21 -> 13 | F21: Muskingum | G21: 1 | H21: 21.5 | I21: 42 | K21: 3 | L21: =INDEX(Junctions!$L$7:$L$61,MATCH(Reaches!C21,Junctions!$B$7:$B$61,0)) -> 11200
A22: 14 | B22: SFMcKenzieRv_R10 | C22: Cougar_Out | D22: SFMckenzie_CF | E22: =A22 -> 14 | F22: ModPuls | G22: 1 | H22: 4.5 | I22: 59.2 | K22: 3 | L22: =INDEX(Junctions!$L$7:$L$61,MATCH(Reaches!C22,Junctions!$B$7:$B$61,0)) -> 24500
A23: 15 | B23: McKenzieRv_R40 | C23: SFMckenzie_CF | D23: BlueRv_CF | E23: =A23 -> 15 | F23: ModPuls | G23: 1 | H23: 2.7 | I23: 23.1 | K23: 3 | L23: =INDEX(Junctions!$L$7:$L$61,MATCH(Reaches!C23,Junctions!$B$7:$B$61,0)) -> 35700
A24: 16 | B24: BlueRv_R10 | C24: BlueRiver_Out | D24: BlueRv_CF | E24: =A24 -> 16 | F24: ModPuls | G24: 1 | H24: 1.8 | I24: 167.9 | J24: New Reach in HMS | K24: 3 | L24: =INDEX(Junctions!$L$7:$L$61,MATCH(Reaches!C24,Junctions!$B$7:$B$61,0)) -> 20000
A25: 17 | B25: McKenzieRv_R30 | C25: BlueRv_CF | D25: Vida | E25: =A25 -> 17 | F25: ModPuls | G25: =ROUND(H25*5280/(60*60*5),0)-1 -> 2 | H25: 9.1 | I25: 19 | K25: 3 | L25: =INDEX(Junctions!$L$7:$L$61,MATCH(Reaches!C25,Junctions!$B$7:$B$61,0)) -> 55700
A26: 18 | B26: McKenzieRv_R25 | C26: Vida | D26: Walterville | E26: =A26 -> 18 | F26: ModPuls | G26: =ROUND(H26*5280/(60*60*5),0)-1 -> 5 | H26: 19.6 | I26: 15.5 | J26: Split this reach from original 2019 CWMS model | K26: 3 | L26: =INDEX(Junctions!$L$7:$L$61,MATCH(Reaches!C26,Junctions!$B$7:$B$61,0)) -> 64400
A27: 19 | B27: McKenzieRv_R20 | C27: Walterville | D27: Coburg | E27: =A27 -> 19 | F27: ModPuls | G27: =ROUND(H27*5280/(60*60*5),0)+2 -> 8 | H27: 20.5 | I27: 9.5 | J27: 2019 CWMS model went from Vida to Coburg | K27: 3 | L27: =INDEX(Junctions!$L$7:$L$61,MATCH(Reaches!C27,Junctions!$B$7:$B$61,0)) -> 76300
A28: 20 | B28: McKenzieRv_R10 | C28: Coburg | D28: McKenzie_CF | E28: =A28 -> 20 | F28: ModPuls | G28: 1 | H28: 3.3 | I28: 9.1 | K28: 3 | L28: =INDEX(Junctions!$L$7:$L$61,MATCH(Reaches!C28,Junctions!$B$7:$B$61,0)) -> 88200
A29: 21 | B29: WillametteRv_R160 | C29: McKenzie_CF | D29: Harrisburg | E29: =A29 -> 21 | F29: ModPuls | G29: 8 | H29: 13.2 | I29: 5.4 | K29: 5 | L29: =INDEX(Junctions!$L$7:$L$61,MATCH(Reaches!C29,Junctions!$B$7:$B$61,0)) -> 210000
A30: 22 | B30: WillametteRv_R150 | C30: Harrisburg | D30: LongTom_CF | E30: =A30 -> 22 | F30: ModPuls | G30: =ROUND(H30*5280/(60*60*5),0)-1 -> 3 | H30: 12.4 | I30: 4.1 | K30: 5 | L30: =INDEX(Junctions!$L$7:$L$61,MATCH(Reaches!C30,Junctions!$B$7:$B$61,0)) -> 210000
A31: 23 | B31: LongTomRv_R20 | C31: FernRidge_Out | D31: Monroe | E31: =A31 -> 23 | F31: ModPuls | G31: =ROUND(H31*5280/(60*60*5),0)-1 -> 4 | H31: 16.6 | I31: 4.2 | K31: 4 | L31: =INDEX(Junctions!$L$7:$L$61,MATCH(Reaches!C31,Junctions!$B$7:$B$61,0)) -> 11500
A32: 24 | B32: LongTomRv_R10 | C32: Monroe | D32: LongTom_CF | E32: =A32 -> 24 | F32: ModPuls | G32: =ROUND(H32*5280/(60*60*5),0) -> 2 | H32: 7.6 | I32: 4.4 | K32: 4 | L32: =INDEX(Junctions!$L$7:$L$61,MATCH(Reaches!C32,Junctions!$B$7:$B$61,0)) -> 19300
A33: 25 | B33: WillametteRv_R140 | C33: LongTom_CF | D33: Corvallis | E33: =A33 -> 25 | F33: ModPuls | G33: =ROUND(H33*5280/(60*60*5),0)-1 -> 4 | H33: 16.3 | I33: 4.7 | K33: 5 | L33: =INDEX(Junctions!$L$7:$L$61,MATCH(Reaches!C33,Junctions!$B$7:$B$61,0)) -> 218000
A34: 26 | B34: MarysRv_R10 | C34: Philomath | D34: Corvallis | E34: =A34 -> 26 | F34: Muskingum | G34: 1 | H34: 8.9 | I34: 5.1 | K34: 5
A35: 27 | B35: WillametteRv_R120 | C35: Corvallis | D35: Albany | E35: =A35 -> 27 | F35: ModPuls | G35: =ROUND(H35*5280/(60*60*5),0)-1 -> 3 | H35: 12.7 | I35: 2.2 | K35: 5 | L35: =INDEX(Junctions!$L$7:$L$61,MATCH(Reaches!C35,Junctions!$B$7:$B$61,0)) -> 218000
A36: 28 | B36: WillametteRv_R110 | C36: Albany | D36: Santiam_CF | E36: =A36 -> 28 | F36: ModPuls | G36: 1 | H36: 11.7 | I36: 15.4 | K36: 5 | L36: =INDEX(Junctions!$L$7:$L$61,MATCH(Reaches!C36,Junctions!$B$7:$B$61,0)) -> 218000
A37: 29 | B37: SSantiamRv_R20 | C37: GreenPeter_Out | D37: Foster_In | E37: =A37 -> 29 | F37: ModPuls | G37: =ROUND(H37*5280/(60*60*5),0)-1 -> 1 | H37: 5.6 | I37: 44.8 | J37: 2019 CWMS HMS model did not include reach from Green Peter to Foster | K37: 6 | L37: =INDEX(Junctions!$L$7:$L$61,MATCH(Reaches!C37,Junctions!$B$7:$B$61,0)) -> 25000
A38: 29.1 | B38: SSantiamRv_R17 | C38: Foster_In | D38: Foster_Out | E38: 9929 | F38: Null | G38: 1 | H38: 99 | I38: 99 | J38: Only for connectivity, not a real reach | K38: 1
A39: 30 | B39: SSantiamRv_R15 | C39: Foster_Out | D39: Waterloo | E39: =A39 -> 30 | F39: ModPuls | G39: =ROUND(H39*5280/(60*60*5),0)-1 -> 3 | H39: 14.4 | I39: 16.4 | J39: Split this reach from original 2019 CWMS model | K39: 6 | L39: =INDEX(Junctions!$L$7:$L$61,MATCH(Reaches!C39,Junctions!$B$7:$B$61,0)) -> 81000
A40: 31 | B40: SSantiamRv_R10 | C40: Waterloo | D40: NSantiam_CF | E40: =A40 -> 31 | F40: ModPuls | G40: =ROUND(H40*5280/(60*60*5),0)-1 -> 5 | H40: 21.9 | I40: 38.8 | J40: 2019 CWMS model went from Foster to Jefferson | K40: 6 | L40: =INDEX(Junctions!$L$7:$L$61,MATCH(Reaches!C40,Junctions!$B$7:$B$61,0)) -> 95200
A41: 31.1 | B41: NSantiamRv_R18 | C41: Detroit_Out | D41: BigCliff_In | E41: 9931 | F41: Null | G41: 1 | H41: 99 | I41: 99 | J41: Only for connectivity, not a real reach | K41: 6 | L41: =L43 -> 41200
A42: 31.2 | B42: NSantiamRv_R17 | C42: BigCliff_In | D42: BigCliff_Out | E42: 9932 | F42: Null | G42: 1 | H42: 99 | I42: 99 | J42: Only for connectivity, not a real reach | K42: 6 | L42: =L43 -> 41200
A43: 32 | B43: NSantiamRv_R15 | C43: BigCliff_Out | D43: Mehama | E43: =A43 -> 32 | F43: ModPuls | G43: =ROUND(H43*5280/(60*60*5),0)-1 -> 5 | H43: 19.3 | I43: 29.7 | J43: Split this reach from original 2019 CWMS model | K43: 6 | L43: =INDEX(Junctions!$L$7:$L$61,MATCH(Reaches!C43,Junctions!$B$7:$B$61,0)) -> 41200
A44: 33 | B44: NSantiamRv_R10 | C44: Mehama | D44: GreensBridge | E44: =A44 -> 33 | F44: ModPuls | G44: =ROUND(H44*5280/(60*60*5),0)-1 -> 6 | H44: 23.1 | I44: 41.6 | J44: 2019 CWMS model went from Detroit to Greens Bridge | K44: 6 | L44: =INDEX(Junctions!$L$7:$L$61,MATCH(Reaches!C44,Junctions!$B$7:$B$61,0)) -> 76600
A45: 34 | B45: NSantiamRv_R05 | C45: GreensBridge | D45: NSantiam_CF | E45: =A45 -> 34 | F45: ModPuls | G45: 1 | H45: 3 | I45: 14.5 | J45: Not defined as a reach in HMS, but needed for connectivity here | K45: 6 | L45: =INDEX(Junctions!$L$7:$L$61,MATCH(Reaches!C45,Junctions!$B$7:$B$61,0)) -> 76600
A46: 35 | B46: SantiamRv_R15 | C46: NSantiam_CF | D46: Jefferson | E46: =A46 -> 35 | F46: ModPuls | G46: 1 | H46: 2.2 | I46: 27.7 | J46: Not defined as a reach in HMS, but needed for connectivity here | K46: 6 | L46: =L47 -> 197000
A47: 36 | B47: SantiamRv_R10 | C47: Jefferson | D47: Santiam_CF | E47: =A47 -> 36 | F47: ModPuls | G47: =ROUND(H47*5280/(60*60*5),0)-2 -> 2 | H47: 12.1 | I47: 27.7 | K47: 6 | L47: =INDEX(Junctions!$L$7:$L$61,MATCH(Reaches!C47,Junctions!$B$7:$B$61,0)) -> 197000
A48: 37 | B48: LuckiamuteRv_R10 | C48: Suver | D48: Santiam_CF | E48: =A48 -> 37 | F48: Muskingum | G48: 2 | H48: 13.6 | I48: 1.8 | K48: 5
A49: 38 | B49: WillametteRv_R100 | C49: Santiam_CF | D49: Salem | E49: =A49 -> 38 | F49: ModPuls | G49: 2 | H49: 23.9 | I49: 15.7 | K49: 5 | L49: =INDEX(Junctions!$L$7:$L$61,MATCH(Reaches!C49,Junctions!$B$7:$B$61,0)) -> 308000
A50: 39 | B50: WillametteRv_R90 | C50: Salem | D50: Yamhill_CF | E50: =A50 -> 39 | F50: ModPuls | G50: =ROUND(H50*5280/(60*60*5),0)-6 -> 4 | H50: 34.6 | I50: 2.4 | K50: 5 | L50: =INDEX(Junctions!$L$7:$L$61,MATCH(Reaches!C50,Junctions!$B$7:$B$61,0)) -> 308000
A51: 40 | B51: YamhillRv_R10 | C51: McMinnville | D51: Yamhill_CF | E51: =A51 -> 40 | F51: Muskingum | G51: 2 | H51: 16.6 | I51: 1.5 | K51: 5
A52: 40.1 | B52: WillametteRv_R87 | C52: Yamhill_CF | D52: Newberg | E52: 9940 | F52: Null | G52: 1 | H52: 99 | I52: 99 | J52: Only for connectivity, not a real reach | K52: 5
A53: 41 | B53: WillametteRv_R80 | C53: Newberg | D53: Wilsonville | E53: =A53 -> 41 | F53: ModPuls | G53: 1 | H53: 14.4 | I53: 16.3 | K53: 5 | L53: =INDEX(Junctions!$L$7:$L$61,MATCH(Reaches!C53,Junctions!$B$7:$B$61,0)) -> 308000
A54: 41.1 | B54: WillametteRv_R77 | C54: Wilsonville | D54: Molalla_CF | E54: 9941 | F54: Null | G54: 1 | H54: 99 | I54: 99 | J54: Only for connectivity, not a real reach | K54: 5
A55: 42 | B55: PuddingRv_R10 | C55: Aurora | D55: Molalla_CF | E55: =A55 -> 42 | F55: Muskingum | G55: 1 | H55: 6 | I55: =ROUND((90-77)/H55,1) -> 2.2 | K55: 5
A56: 43 | B56: MolallaRv_R10 | C56: Canby | D56: Molalla_CF | E56: =A56 -> 43 | F56: Muskingum | G56: 1 | H56: 4.7 | I56: =ROUND((110-77)/H56,1) -> 7 | K56: 5
A57: 44 | B57: WillametteRv_R70 | C57: Molalla_CF | D57: Willamette_OregonCity | E57: =A57 -> 44 | F57: ModPuls | G57: 1 | H57: 8.8 | I57: 0.3 | K57: 5 | L57: =INDEX(Junctions!$L$7:$L$61,MATCH(Reaches!C57,Junctions!$B$7:$B$61,0)) -> 308000
A58: 45 | B58: TualatinRv_R20 | C58: Dilley | D58: DairyCk_CF | E58: =A58 -> 45 | F58: Muskingum | G58: 3 | H58: 12.2 | I58: =(165-127)/H58 -> 3.1147541 | K58: 5
A59: 46 | B59: TualatinRv_R10 | C59: DairyCk_CF | D59: WestLinn | E59: =A59 -> 46 | F59: Muskingum | G59: 12 | H59: 38.9 | I59: =(127-100)/H59 -> 0.6940874 | K59: 5
A60: 47 | B60: TualatinRv_R05 | C60: WestLinn | D60: Willamette_OregonCity | E60: =A60 -> 47 | F60: Null | G60: 0 | H60: 1 | I60: 0 | J60: Not defined as a reach in HMS, but needed for connectivity here | K60: 5

Sheet Junctions
A1: The top 5 lines of this sheet are reserved for descriptive comments. The headers should be in line 6 and data in row 7.
A2: The junctions are shown in GIS as the shapefile "Junctions.shp"
E4: Is this a location where we want to compare the modeled routing vs observed flow? | F4: Is observed flow required at this location to make a valid routing comparison at the next downstream point? | H4: Pre-computed output from another model for comparison | I4: Pre-computed output from another model for comparison | J4: Pre-computed output from another model for comparison
F5: Typically Yes for mainstem sites and dam outlets, and No for tribs like the Luckiamute that may or may not have gage readings for a given event | G5: See the DSSFiles input for the DSS file | H5: See the DSSFiles input for the DSS file | I5: See the DSSFiles input for the DSS file | J5: See the DSSFiles input for the DSS file
A6: OrderID | B6: JunctionName_HMS | C6: JunctionName_Report | D6: ElevFt | E6: Is_Comparison_Point | F6: Is_Required | G6: Observed_Path_DSS | H6: Compare_1_Path_DSS | I6: Compare_2_Path_DSS | J6: Compare_3_Path_DSS | K6: Notes | L6: MaxFlow
A7: 1 | B7: HillsCreek_Out | C7: Hills Creek_Out | D7: 1532.5768 | E7: No | F7: Yes | G7: //HILLS CREEK/FLOW-OUT//1HOUR/BEST/ | L7: 34000
A8: 2 | B8: NForkWillamette_CF | D8: 1032.5414 | E8: No | F8: No | L8: 81800
A9: 3 | B9: OakRidge_Below_NFork | C9: MF Willamette Below North Fork | D9: 958.37115 | E9: Yes | F9: No | G9: //Oakridge below North Fork/FLOW//1HOUR/BEST/ | H9: //MF WILLAMETTE_BLW NFORK NR OAKRIDGE/FLOW//1HOUR/FIS_SSARR_ROUTED/ | I9: //OAKRIDGE_BELOW_NFORK/FLOW//1HOUR/CWMS_HMS_ROUTED/ | J9: //OAKRIDGE_BELOW_NFORK/FLOW//1HOUR// | L9: 81800
A10: 4 | B10: LookoutPoint_In | C10: Lookout Point_In | D10: 890.44666 | E10: No | F10: No | J10: //LOOKOUTPOINT_IN/FLOW//1HOUR// | L10: 81800
A11: 4.1 | B11: Dexter_In | C11: Dexter_In | D11: 670.92578 | E11: No | F11: No | L11: 81800
A12: 5 | B12: Dexter_Out | C12: Dexter_Out | D12: 670.92578 | E12: No | F12: Yes | G12: //Dexter/FLOW-OUT//1HOUR/BEST/ | L12: 81800
A13: 6 | B13: FallCreek_Out | C13: Fall Creek_Out | D13: 819.92633 | E13: No | F13: Yes | G13: //Fall Creek/FLOW-OUT//1HOUR/BEST/ | L13: 24700
A14: 7 | B14: FallCk_CF | D14: 560.97253 | E14: No | F14: No | L14: 73400
A15: 8 | B15: Jasper | C15: Jasper | D15: 521.28064 | E15: Yes | F15: Yes | G15: //Jasper/FLOW//1HOUR/BEST/ | H15: //MF WILLAMETTE+FALL TO US_JASPER/FLOW//1HOUR/FIS_SSARR_ROUTED/ | I15: //JASPER/FLOW//1HOUR/CWMS_HMS_ROUTED/ | J15: //JASPER/FLOW//1HOUR// | L15: 73400
A16: 9 | B16: Dorena_Out | C16: Dorena_Out | D16: 810.41321 | E16: No | F16: Yes | G16: //DORENA/FLOW-OUT//1HOUR/BEST/ | L16: 21400
A17: 10 | B17: CottageGrove_Out | C17: Cottage Grove_Out | D17: 797.52966 | E17: No | F17: Yes | G17: //COTTAGE GROVE/FLOW-OUT//1HOUR/BEST/ | L17: 12000
A18: 11 | B18: RowRv_CF | D18: 614.83783 | E18: No | F18: No | G18: //Saginaw/FLOW//1HOUR/BEST/ | H18: //CF WILLAMETTE+ROW/FLOW//1HOUR/FIS_SSARR_ROUTED/ | I18: //SAGINAW/FLOW//1HOUR/CWMS_HMS_ROUTED/ | J18: //ROWRV_CF/FLOW//1HOUR// | K18: Saginaw | L18: 33400
A19: 12 | B19: Goshen | C19: Goshen | D19: 480.4913 | E19: Yes | F19: Yes | G19: //Goshen/FLOW//1HOUR/BEST/ | H19: //CF WILLAMETTE+ROW TO US_GOSHEN/FLOW//1HOUR/FIS_SSARR_ROUTED/ | I19: //GOSHEN/FLOW//1HOUR/CWMS_HMS_ROUTED/ | J19: //GOSHEN/FLOW//1HOUR// | L19: 33400
A20: 13 | B20: CoastFork_CF | D20: 440.13223 | E20: No | F20: No | L20: 140000
A21: 14 | B21: TrailBridge_Out | C21: Trail Bridge_Out | D21: 1994.9756 | E21: No | F21: Yes | G21: //Trail Bridge/FLOW//1HOUR/BEST/ | L21: 11200
A22: 15 | B22: Cougar_Out | C22: Cougar_Out | D22: 1688.4771 | E22: No | F22: Yes | G22: //COUGAR/FLOW-OUT//1HOUR/BEST/ | L22: 24500
A23: 16 | B23: SFMckenzie_CF | D23: 1092.105 | E23: No | F23: No | L23: 35700
A24: 17 | B24: BlueRiver_Out | C24: Blue River_Out | D24: 1325.53 | E24: No | F24: Yes | G24: //BLUE RIVER/FLOW-OUT//1HOUR/BEST/ | L24: 20000
A25: 18 | B25: BlueRv_CF | D25: 1030.0884 | E25: No | F25: No | L25: 55700
A26: 19 | B26: Vida | C26: Vida | D26: 901.06152 | E26: Yes | F26: Yes | G26: //Vida/FLOW//1HOUR/BEST/ | H26: //MCKENZIE+BLUE TO US_VIDA/FLOW//1HOUR/FIS_SSARR_ROUTED/ | I26: //VIDA/FLOW//1HOUR/CWMS_HMS_ROUTED/ | J26: //VIDA/FLOW//1HOUR// | L26: 64400
A27: 20 | B27: Walterville | C27: Walterville | D27: 597.54858 | E27: No | F27: No | K27: Canal issues | L27: 76300
A28: 21 | B28: Coburg | C28: Coburg | D28: 399.25815 | E28: Yes | F28: No | G28: //Coburg/FLOW//1HOUR/BEST/ | H28: //ABOVE HAYDEN BRIGE AT SPRINGFIELD TO US_COBURG/FLOW//1HOUR/FIS_SSARR_ROUTED/ | I28: //COBURG/FLOW//1HOUR/CWMS_HMS_ROUTED/ | J28: //COBURG/FLOW//1HOUR// | L28: 88200
A29: 22 | B29: McKenzie_CF | D29: 369.28656 | E29: No | F29: No | L29: 210000
A30: 23 | B30: Harrisburg | C30: Harrisburg | D30: 312.26538 | E30: Yes | F30: Yes | G30: //Harrisburg/FLOW//1HOUR/BEST/ | H30: //WILLAMETTE+MCKENZIE TO US_HARRISBURG/FLOW//1HOUR/FIS_SSARR_ROUTED/ | I30: //HARRISBURG/FLOW//1HOUR/CWMS_HMS_ROUTED/ | J30: //HARRISBURG/FLOW//1HOUR// | L30: 210000
A31: 24 | B31: FernRidge_Out | C31: Fern Ridge_Out | D31: 350.02637 | E31: No | F31: Yes | G31: //FERN RIDGE/FLOW-OUT//1HOUR/BEST/ | L31: 11500
A32: 25 | B32: Monroe | C32: Monroe | D32: 284.66031 | E32: Yes | F32: No | G32: //Monroe/FLOW//1HOUR/BEST/ | H32: //LONG TOM_NR ALVADORE TO US_MONROE/FLOW//1HOUR/FIS_SSARR_ROUTED/ | I32: //MONROE/FLOW//1HOUR/CWMS_HMS_ROUTED/ | J32: //MONROE/FLOW//1HOUR// | L32: 19300
A33: 26 | B33: LongTom_CF | D33: 250.01044 | E33: No | F33: No | L33: 218000
A34: 27 | B34: Philomath | C34: Philomath | D34: 241.81633 | E34: No | F34: No | G34: //Philomath/FLOW//1HOUR/BEST/
A35: 28 | B35: Corvallis | C35: Corvallis | D35: 196.44838 | E35: Yes | F35: No | G35: //Corvallis/FLOW//1HOUR/BEST/ | I35: //CORVALLIS/FLOW//1HOUR/CWMS_HMS_ROUTED/ | J35: //CORVALLIS/FLOW//1HOUR// | L35: 218000
A36: 29 | B36: Albany | C36: Albany | D36: 173.72791 | E36: Yes | F36: Yes | G36: //Albany/FLOW//1HOUR/BEST/ | H36: //WILLAMETTE+CALAPOOIA TO US_ALBANY/FLOW//1HOUR/FIS_SSARR_ROUTED/ | I36: //ALBANY/FLOW//1HOUR/CWMS_HMS_ROUTED/ | J36: //ALBANY/FLOW//1HOUR// | L36: 218000
A37: 30 | B37: GreenPeter_Out | C37: Green Peter_Out | D37: 868.85797 | E37: No | F37: Yes | G37: //GREEN PETER/FLOW-OUT//1HOUR/BEST/ | L37: 25000
A38: 31 | B38: Foster_In | C38: Foster_In | D38: 620 | E38: No | F38: No | H38: //GREEN PETER_OUT TO FOSTER_IN/FLOW//1HOUR/FIS_SSARR_ROUTED/ | I38: //FOSTER_IN/FLOW//1HOUR/CWMS_HMS_ROUTED/ | J38: //FOSTER_IN/FLOW//1HOUR// | L38: 81000
A39: 32 | B39: Foster_Out | C39: Foster_Out | D39: 631.74554 | E39: No | F39: Yes | G39: //FOSTER/FLOW-OUT//1HOUR/BEST/ | L39: 81000
A40: 33 | B40: Waterloo | C40: Waterloo | D40: 395.65561 | E40: Yes | F40: Yes | G40: //Waterloo/FLOW//1HOUR/BEST/ | H40: //SO SANTIAM_NR FOSTER TO US_WATERLOO/FLOW//1HOUR/FIS_SSARR_ROUTED/ | J40: //WATERLOO/FLOW//1HOUR// | L40: 95200
A41: 33.1 | B41: Detroit_Out | C41: Detroit_Out | D41: 1187.8539 | E41: No | F41: No | L41: 41200
A42: 33.2 | B42: BigCliff_In | C42: Big Cliff_In | D42: 1187.8539 | E42: No | F42: No | L42: 41200
A43: 34 | B43: BigCliff_Out | C43: Big Cliff_Out | D43: 1187.8539 | E43: No | F43: Yes | G43: //BIG CLIFF/FLOW-OUT//1HOUR/BEST/ | L43: 41200
A44: 35 | B44: Mehama | C44: Mehama | D44: 616.05841 | E44: Yes | F44: Yes | G44: //Mehama/FLOW//1HOUR/BEST/ | H44: //NO SANTIAM_AT NIAGARA TO US_MEHAMA/FLOW//1HOUR/FIS_SSARR_ROUTED/ | J44: //MEHAMA/FLOW//1HOUR// | L44: 76600
A45: 36 | B45: GreensBridge | C45: Greens Bridge | D45: 250.58083 | E45: Yes | F45: No | G45: //Greens Bridge/FLOW//1HOUR/BEST/ | H45: //STAYTON DIV_IN TO GREENS BRIDGE NR JEFFERSON/FLOW//1HOUR/FIS_SSARR_ROUTED/ | J45: //GREENSBRIDGE/FLOW//1HOUR// | L45: 76600
A46: 37 | B46: NSantiam_CF | D46: 216 | E46: No | F46: No
A47: 38 | B47: Jefferson | C47: Jefferson | D47: 207.0016 | E47: Yes | F47: Yes | G47: //Jefferson/FLOW//1HOUR/BEST/ | H47: //NO SANTIAM+SO SANTIAM TO US_JEFFERSON/FLOW//1HOUR/FIS_SSARR_ROUTED/ | J47: //JEFFERSON/FLOW//1HOUR// | L47: 197000
A48: 39 | B48: Suver | C48: Suver | D48: 192.79573 | E48: No | F48: No | G48: //Suver/FLOW//1HOUR/BEST/
A49: 40 | B49: Santiam_CF | D49: 168.07701 | E49: No | F49: No | L49: 308000
A50: 41 | B50: Salem | C50: Salem | D50: 131.02644 | E50: Yes | F50: Yes | G50: //Salem/FLOW//1HOUR/BEST/ | H50: //WILLAMETTE+RICKREALL TO US_SALEM/FLOW//1HOUR/FIS_SSARR_ROUTED/ | I50: //SALEM/FLOW//1HOUR/CWMS_HMS_ROUTED/ | J50: //SALEM/FLOW//1HOUR// | L50: 308000
A51: 42 | B51: McMinnville | C51: McMinnville | D51: 94.291412 | E51: No | F51: No | G51: //McMinnville/FLOW//1HOUR/BEST/
A52: 42.1 | B52: Yamhill_CF | C52: Yamhill_CF | E52: No | F52: No
A53: 43 | B53: Newberg | C53: Newberg | D53: 63.282803 | E53: Yes | F53: No | G53: //Newberg/FLOW//1HOUR/BEST/ | H53: //WILLAMETTE+YAMHILL/FLOW//1HOUR/FIS_SSARR_ROUTED/ | I53: //NEWBERG/FLOW//1HOUR/CWMS_HMS_ROUTED/ | J53: //NEWBERG/FLOW//1HOUR// | L53: 308000
A54: 43.1 | B54: Wilsonville | C54: Wilsonville | E54: No | F54: No
A55: 44 | B55: Aurora | C55: Aurora | E55: No | F55: No | G55: //Aurora/FLOW//1HOUR/BEST/
A56: 45 | B56: Canby | C56: Canby | E56: No | F56: No | G56: //Canby/FLOW//1HOUR/BEST/
A57: 46 | B57: Molalla_CF | D57: 60.934414 | E57: No | F57: No | L57: 308000
A58: 47 | B58: Dilley | C58: Dilley | E58: No | F58: No | G58: //Dilley/FLOW//1HOUR/BEST/
A59: 48 | B59: DairyCk_CF | E59: No | F59: No | K59: Farmington is a couple miles downstream
A60: 49 | B60: WestLinn | C60: West Linn | E60: Yes | F60: No | G60: //West Linn/FLOW//1HOUR/BEST/ | I60: //WESTLINN/FLOW//1HOUR/CWMS_HMS_ROUTED/ | J60: //WESTLINN/FLOW//1HOUR//
A61: 50 | B61: Willamette_OregonCity | C61: Willamette Falls | D61: 58.328056 | E61: Yes | F61: No | G61: //Oregon City/FLOW//1HOUR/BEST/ | H61: //WILLAMETTE+TUALATIN TO WILLAMETTE_ABV FALLS AT OREGON CITY/FLOW//1HOUR/FIS_SSARR_ROUTED/ | I61: //WILLAMETTE_OREGONCITY/FLOW//1HOUR/CWMS_HMS_ROUTED/ | J61: //WILLAMETTE_OREGONCITY/FLOW//1HOUR//

Sheet Muskingum
A1: The top 5 lines of this sheet are reserved for descriptive comments. The headers should be in line 6 and data in row 7.
A2: This sheet contains the candidate Muskingum routing relationships to be used for reaches.
A3: The RoutingID is linked to the Reaches tab
A6: RoutingID | B6: ReachName_HMS | C6: Initial Type | D6: Initial Discharge | E6: K | F6: X | G6: Subreaches | H6: Notes
A7: =IFERROR(INDEX(Reaches!$A$7:$A$60,MATCH(B7,Reaches!$B$7:$B$60,0)),-1) -> 13 | B7: McKenzieRv_R50 | C7: Discharge = Inflow | E7: =ROUND((114420/5280)/SQRT(0.007866*5280),1) -> 3.4 | F7: 0.25 | G7: =INDEX(Reaches!$G$7:$G$60,MATCH(B7,Reaches!$B$7:$B$60,0)) -> 1 | H7: Developed using length and slope from 2020 Post-fire HMS model
A8: =IFERROR(INDEX(Reaches!$A$7:$A$60,MATCH(B8,Reaches!$B$7:$B$60,0)),-1) -> 26 | B8: MarysRv_R10 | C8: Discharge = Inflow | E8: =ROUND(Reaches!H34/SQRT(Reaches!I34),1) -> 3.9 | F8: 0.25 | G8: =INDEX(Reaches!$G$7:$G$60,MATCH(B8,Reaches!$B$7:$B$60,0)) -> 1 | H8: Matches 2019 CWMS HMS model (original was 3.9)
A9: =IFERROR(INDEX(Reaches!$A$7:$A$60,MATCH(B9,Reaches!$B$7:$B$60,0)),-1) -> 37 | B9: LuckiamuteRv_R10 | C9: Discharge = Inflow | E9: =ROUND(Reaches!H48/SQRT(Reaches!I48),1) -> 10.1 | F9: 0.25 | G9: =INDEX(Reaches!$G$7:$G$60,MATCH(B9,Reaches!$B$7:$B$60,0)) -> 2 | H9: Modified From 2019 CWMS HMS model, originally 6.9
A10: =IFERROR(INDEX(Reaches!$A$7:$A$60,MATCH(B10,Reaches!$B$7:$B$60,0)),-1) -> 40 | B10: YamhillRv_R10 | C10: Discharge = Inflow | E10: =ROUND(Reaches!H51/SQRT(Reaches!I51),1) -> 13.6 | F10: 0.25 | G10: =INDEX(Reaches!$G$7:$G$60,MATCH(B10,Reaches!$B$7:$B$60,0)) -> 2 | H10: Modified From 2019 CWMS HMS model, originally 5.9
A11: =IFERROR(INDEX(Reaches!$A$7:$A$60,MATCH(B11,Reaches!$B$7:$B$60,0)),-1) -> 42 | B11: PuddingRv_R10 | C11: Discharge = Inflow | E11: =ROUND((Reaches!H55)/SQRT(Reaches!I55),1) -> 4 | F11: 0.25 | G11: =INDEX(Reaches!$G$7:$G$60,MATCH(B11,Reaches!$B$7:$B$60,0)) -> 1 | H11: Developed using length and slope from GIS
A12: =IFERROR(INDEX(Reaches!$A$7:$A$60,MATCH(B12,Reaches!$B$7:$B$60,0)),-1) -> 43 | B12: MolallaRv_R10 | C12: Discharge = Inflow | E12: =ROUND((Reaches!H56)/SQRT(Reaches!I56),1) -> 1.8 | F12: 0.25 | G12: =INDEX(Reaches!$G$7:$G$60,MATCH(B12,Reaches!$B$7:$B$60,0)) -> 1 | H12: Developed using length and slope from GIS
A13: =IFERROR(INDEX(Reaches!$A$7:$A$60,MATCH(B13,Reaches!$B$7:$B$60,0)),-1) -> 45 | B13: TualatinRv_R20 | C13: Discharge = Inflow | E13: 7.8 | F13: 0.25 | G13: =INDEX(Reaches!$G$7:$G$60,MATCH(B13,Reaches!$B$7:$B$60,0)) -> 3 | H13: From 2019 CWMS HMS model
A14: =IFERROR(INDEX(Reaches!$A$7:$A$60,MATCH(B14,Reaches!$B$7:$B$60,0)),-1) -> 46 | B14: TualatinRv_R10 | C14: Discharge = Inflow | E14: 35.9 | F14: 0.25 | G14: =INDEX(Reaches!$G$7:$G$60,MATCH(B14,Reaches!$B$7:$B$60,0)) -> 12 | H14: From 2019 CWMS HMS model

Sheet ModPuls
A1: The top 5 lines of this sheet are reserved for descriptive comments. The headers should be in line 6 and data in row 7.
A2: This sheet contains the candidate Modified Puls relationships to be used for each reach.
A3: The RoutingID is linked to the Reaches tab
A6: RoutingID | B6: ReachName_HMS | C6: Subreaches | D6: Storage | E6: Discharge | F6: Notes
A7: =IF(ISBLANK(B7),A6,IFERROR(INDEX(Reaches!$A$7:$A$60,MATCH(B7,Reaches!$B$7:$B$60,0)),-1)) -> 1 | B7: MFWillametteRV_R70 | C7: =IFERROR(INDEX(Reaches!$G$7:$G$60,MATCH(B7,Reaches!$B$7:$B$60,0)),"") -> 1 | D7: 0 | E7: 0
A8: =IF(ISBLANK(B8),A7,IFERROR(INDEX(Reaches!$A$7:$A$60,MATCH(B8,Reaches!$B$7:$B$60,0)),-1)) -> 1 | C8: =IFERROR(INDEX(Reaches!$G$7:$G$60,MATCH(B8,Reaches!$B$7:$B$60,0)),"") | D8: 823 | E8: 450
A9: =IF(ISBLANK(B9),A8,IFERROR(INDEX(Reaches!$A$7:$A$60,MATCH(B9,Reaches!$B$7:$B$60,0)),-1)) -> 1 | C9: =IFERROR(INDEX(Reaches!$G$7:$G$60,MATCH(B9,Reaches!$B$7:$B$60,0)),"") | D9: 849 | E9: 500
A10: =IF(ISBLANK(B10),A9,IFERROR(INDEX(Reaches!$A$7:$A$60,MATCH(B10,Reaches!$B$7:$B$60,0)),-1)) -> 1 | C10: =IFERROR(INDEX(Reaches!$G$7:$G$60,MATCH(B10,Reaches!$B$7:$B$60,0)),"") | D10: 1040 | E10: 1000
A11: =IF(ISBLANK(B11),A10,IFERROR(INDEX(Reaches!$A$7:$A$60,MATCH(B11,Reaches!$B$7:$B$60,0)),-1)) -> 1 | C11: =IFERROR(INDEX(Reaches!$G$7:$G$60,MATCH(B11,Reaches!$B$7:$B$60,0)),"") | D11: 1206 | E11: 1500
A12: =IF(ISBLANK(B12),A11,IFERROR(INDEX(Reaches!$A$7:$A$60,MATCH(B12,Reaches!$B$7:$B$60,0)),-1)) -> 1 | C12: =IFERROR(INDEX(Reaches!$G$7:$G$60,MATCH(B12,Reaches!$B$7:$B$60,0)),"") | D12: 1364 | E12: 2000
A13: =IF(ISBLANK(B13),A12,IFERROR(INDEX(Reaches!$A$7:$A$60,MATCH(B13,Reaches!$B$7:$B$60,0)),-1)) -> 1 | C13: =IFERROR(INDEX(Reaches!$G$7:$G$60,MATCH(B13,Reaches!$B$7:$B$60,0)),"") | D13: 1679 | E13: 3000
A14: =IF(ISBLANK(B14),A13,IFERROR(INDEX(Reaches!$A$7:$A$60,MATCH(B14,Reaches!$B$7:$B$60,0)),-1)) -> 1 | C14: =IFERROR(INDEX(Reaches!$G$7:$G$60,MATCH(B14,Reaches!$B$7:$B$60,0)),"") | D14: 1980 | E14: 4000
A15: =IF(ISBLANK(B15),A14,IFERROR(INDEX(Reaches!$A$7:$A$60,MATCH(B15,Reaches!$B$7:$B$60,0)),-1)) -> 1 | C15: =IFERROR(INDEX(Reaches!$G$7:$G$60,MATCH(B15,Reaches!$B$7:$B$60,0)),"") | D15: 2277 | E15: 5000
A16: =IF(ISBLANK(B16),A15,IFERROR(INDEX(Reaches!$A$7:$A$60,MATCH(B16,Reaches!$B$7:$B$60,0)),-1)) -> 1 | C16: =IFERROR(INDEX(Reaches!$G$7:$G$60,MATCH(B16,Reaches!$B$7:$B$60,0)),"") | D16: 2530 | E16: 6000
A17: =IF(ISBLANK(B17),A16,IFERROR(INDEX(Reaches!$A$7:$A$60,MATCH(B17,Reaches!$B$7:$B$60,0)),-1)) -> 1 | C17: =IFERROR(INDEX(Reaches!$G$7:$G$60,MATCH(B17,Reaches!$B$7:$B$60,0)),"") | D17: 2750 | E17: 7000
A18: =IF(ISBLANK(B18),A17,IFERROR(INDEX(Reaches!$A$7:$A$60,MATCH(B18,Reaches!$B$7:$B$60,0)),-1)) -> 1 | C18: =IFERROR(INDEX(Reaches!$G$7:$G$60,MATCH(B18,Reaches!$B$7:$B$60,0)),"") | D18: 2953 | E18: 8000
A19: =IF(ISBLANK(B19),A18,IFERROR(INDEX(Reaches!$A$7:$A$60,MATCH(B19,Reaches!$B$7:$B$60,0)),-1)) -> 1 | C19: =IFERROR(INDEX(Reaches!$G$7:$G$60,MATCH(B19,Reaches!$B$7:$B$60,0)),"") | D19: 3160 | E19: 9000
... A27: =IF(ISBLANK(B27),A26,IFERROR(INDEX(Reaches!$A$7:$A$60,MATCH(B27,Reaches!$B$7:$B$60,0)),-1)) -> 1 | C27: =IFERROR(INDEX(Reaches!$G$7:$G$60,MATCH(B27,Reaches!$B$7:$B$60,0)),"") | D27: 281407 | E27: 3200000
A28: =IF(ISBLANK(B28),A27,IFERROR(INDEX(Reaches!$A$7:$A$60,MATCH(B28,Reaches!$B$7:$B$60,0)),-1)) -> 2 | B28: MFWillametteRV_R60 | C28: =IFERROR(INDEX(Reaches!$G$7:$G$60,MATCH(B28,Reaches!$B$7:$B$60,0)),"") -> 1 | D28: 0 | E28: 0
A29: =IF(ISBLANK(B29),A28,IFERROR(INDEX(Reaches!$A$7:$A$60,MATCH(B29,Reaches!$B$7:$B$60,0)),-1)) -> 2 | C29: =IFERROR(INDEX(Reaches!$G$7:$G$60,MATCH(B29,Reaches!$B$7:$B$60,0)),"") | D29: 192 | E29: 500
A30: =IF(ISBLANK(B30),A29,IFERROR(INDEX(Reaches!$A$7:$A$60,MATCH(B30,Reaches!$B$7:$B$60,0)),-1)) -> 2 | C30: =IFERROR(INDEX(Reaches!$G$7:$G$60,MATCH(B30,Reaches!$B$7:$B$60,0)),"") | D30: 197 | E30: 501
A31: =IF(ISBLANK(B31),A30,IFERROR(INDEX(Reaches!$A$7:$A$60,MATCH(B31,Reaches!$B$7:$B$60,0)),-1)) -> 2 | C31: =IFERROR(INDEX(Reaches!$G$7:$G$60,MATCH(B31,Reaches!$B$7:$B$60,0)),"") | D31: 247 | E31: 1000
A32: =IF(ISBLANK(B32),A31,IFERROR(INDEX(Reaches!$A$7:$A$60,MATCH(B32,Reaches!$B$7:$B$60,0)),-1)) -> 2 | C32: =IFERROR(INDEX(Reaches!$G$7:$G$60,MATCH(B32,Reaches!$B$7:$B$60,0)),"") | D32: 292 | E32: 1500
A33: =IF(ISBLANK(B33),A32,IFERROR(INDEX(Reaches!$A$7:$A$60,MATCH(B33,Reaches!$B$7:$B$60,0)),-1)) -> 2 | C33: =IFERROR(INDEX(Reaches!$G$7:$G$60,MATCH(B33,Reaches!$B$7:$B$60,0)),"") | D33: 335 | E33: 2000
A34: =IF(ISBLANK(B34),A33,IFERROR(INDEX(Reaches!$A$7:$A$60,MATCH(B34,Reaches!$B$7:$B$60,0)),-1)) -> 2 | C34: =IFERROR(INDEX(Reaches!$G$7:$G$60,MATCH(B34,Reaches!$B$7:$B$60,0)),"") | D34: 419 | E34: 3000
A35: =IF(ISBLANK(B35),A34,IFERROR(INDEX(Reaches!$A$7:$A$60,MATCH(B35,Reaches!$B$7:$B$60,0)),-1)) -> 2 | C35: =IFERROR(INDEX(Reaches!$G$7:$G$60,MATCH(B35,Reaches!$B$7:$B$60,0)),"") | D35: 501 | E35: 4000
A36: =IF(ISBLANK(B36),A35,IFERROR(INDEX(Reaches!$A$7:$A$60,MATCH(B36,Reaches!$B$7:$B$60,0)),-1)) -> 2 | C36: =IFERROR(INDEX(Reaches!$G$7:$G$60,MATCH(B36,Reaches!$B$7:$B$60,0)),"") | D36: 583 | E36: 5000
A37: =IF(ISBLANK(B37),A36,IFERROR(INDEX(Reaches!$A$7:$A$60,MATCH(B37,Reaches!$B$7:$B$60,0)),-1)) -> 2 | C37: =IFERROR(INDEX(Reaches!$G$7:$G$60,MATCH(B37,Reaches!$B$7:$B$60,0)),"") | D37: 663 | E37: 6000
A38: =IF(ISBLANK(B38),A37,IFERROR(INDEX(Reaches!$A$7:$A$60,MATCH(B38,Reaches!$B$7:$B$60,0)),-1)) -> 2 | C38: =IFERROR(INDEX(Reaches!$G$7:$G$60,MATCH(B38,Reaches!$B$7:$B$60,0)),"") | D38: 745 | E38: 7000
A39: =IF(ISBLANK(B39),A38,IFERROR(INDEX(Reaches!$A$7:$A$60,MATCH(B39,Reaches!$B$7:$B$60,0)),-1)) -> 2 | C39: =IFERROR(INDEX(Reaches!$G$7:$G$60,MATCH(B39,Reaches!$B$7:$B$60,0)),"") | D39: 823 | E39: 8000
A40: =IF(ISBLANK(B40),A39,IFERROR(INDEX(Reaches!$A$7:$A$60,MATCH(B40,Reaches!$B$7:$B$60,0)),-1)) -> 2 | C40: =IFERROR(INDEX(Reaches!$G$7:$G$60,MATCH(B40,Reaches!$B$7:$B$60,0)),"") | D40: 902 | E40: 9000
... A48: =IF(ISBLANK(B48),A47,IFERROR(INDEX(Reaches!$A$7:$A$60,MATCH(B48,Reaches!$B$7:$B$60,0)),-1)) -> 2 | C48: =IFERROR(INDEX(Reaches!$G$7:$G$60,MATCH(B48,Reaches!$B$7:$B$60,0)),"") | D48: 159425 | E48: 3100000
A49: =IF(ISBLANK(B49),A48,IFERROR(INDEX(Reaches!$A$7:$A$60,MATCH(B49,Reaches!$B$7:$B$60,0)),-1)) -> 3 | B49: MFWillametteRV_R55 | C49: =IFERROR(INDEX(Reaches!$G$7:$G$60,MATCH(B49,Reaches!$B$7:$B$60,0)),"") -> 2 | D49: 0 | E49: 0 | F49: New from Chris Nygaard
A50: =IF(ISBLANK(B50),A49,IFERROR(INDEX(Reaches!$A$7:$A$60,MATCH(B50,Reaches!$B$7:$B$60,0)),-1)) -> 3 | C50: =IFERROR(INDEX(Reaches!$G$7:$G$60,MATCH(B50,Reaches!$B$7:$B$60,0)),"") | D50: 669.15 | E50: 500
A51: =IF(ISBLANK(B51),A50,IFERROR(INDEX(Reaches!$A$7:$A$60,MATCH(B51,Reaches!$B$7:$B$60,0)),-1)) -> 3 | C51: =IFERROR(INDEX(Reaches!$G$7:$G$60,MATCH(B51,Reaches!$B$7:$B$60,0)),"") | D51: 1058.55 | E51: 1000
A52: =IF(ISBLANK(B52),A51,IFERROR(INDEX(Reaches!$A$7:$A$60,MATCH(B52,Reaches!$B$7:$B$60,0)),-1)) -> 3 | C52: =IFERROR(INDEX(Reaches!$G$7:$G$60,MATCH(B52,Reaches!$B$7:$B$60,0)),"") | D52: 1361.54 | E52: 1500
A53: =IF(ISBLANK(B53),A52,IFERROR(INDEX(Reaches!$A$7:$A$60,MATCH(B53,Reaches!$B$7:$B$60,0)),-1)) -> 3 | C53: =IFERROR(INDEX(Reaches!$G$7:$G$60,MATCH(B53,Reaches!$B$7:$B$60,0)),"") | D53: 1632.26 | E53: 2000
A54: =IF(ISBLANK(B54),A53,IFERROR(INDEX(Reaches!$A$7:$A$60,MATCH(B54,Reaches!$B$7:$B$60,0)),-1)) -> 3 | C54: =IFERROR(INDEX(Reaches!$G$7:$G$60,MATCH(B54,Reaches!$B$7:$B$60,0)),"") | D54: 2112.16 | E54: 3000
A55: =IF(ISBLANK(B55),A54,IFERROR(INDEX(Reaches!$A$7:$A$60,MATCH(B55,Reaches!$B$7:$B$60,0)),-1)) -> 3 | C55: =IFERROR(INDEX(Reaches!$G$7:$G$60,MATCH(B55,Reaches!$B$7:$B$60,0)),"") | D55: 2564.61 | E55: 4000
A56: =IF(ISBLANK(B56),A55,IFERROR(INDEX(Reaches!$A$7:$A$60,MATCH(B56,Reaches!$B$7:$B$60,0)),-1)) -> 3 | C56: =IFERROR(INDEX(Reaches!$G$7:$G$60,MATCH(B56,Reaches!$B$7:$B$60,0)),"") | D56: 2980.86 | E56: 5000
A57: =IF(ISBLANK(B57),A56,IFERROR(INDEX(Reaches!$A$7:$A$60,MATCH(B57,Reaches!$B$7:$B$60,0)),-1)) -> 3 | C57: =IFERROR(INDEX(Reaches!$G$7:$G$60,MATCH(B57,Reaches!$B$7:$B$60,0)),"") | D57: 3378.91 | E57: 6000
A58: =IF(ISBLANK(B58),A57,IFERROR(INDEX(Reaches!$A$7:$A$60,MATCH(B58,Reaches!$B$7:$B$60,0)),-1)) -> 3 | C58: =IFERROR(INDEX(Reaches!$G$7:$G$60,MATCH(B58,Reaches!$B$7:$B$60,0)),"") | D58: 3771.1 | E58: 7000
A59: =IF(ISBLANK(B59),A58,IFERROR(INDEX(Reaches!$A$7:$A$60,MATCH(B59,Reaches!$B$7:$B$60,0)),-1)) -> 3 | C59: =IFERROR(INDEX(Reaches!$G$7:$G$60,MATCH(B59,Reaches!$B$7:$B$60,0)),"") | D59: 4160.25 | E59: 8000
A60: =IF(ISBLANK(B60),A59,IFERROR(INDEX(Reaches!$A$7:$A$60,MATCH(B60,Reaches!$B$7:$B$60,0)),-1)) -> 3 | C60: =IFERROR(INDEX(Reaches!$G$7:$G$60,MATCH(B60,Reaches!$B$7:$B$60,0)),"") | D60: 4521.82 | E60: 9000
A61: =IF(ISBLANK(B61),A60,IFERROR(INDEX(Reaches!$A$7:$A$60,MATCH(B61,Reaches!$B$7:$B$60,0)),-1)) -> 3 | C61: =IFERROR(INDEX(Reaches!$G$7:$G$60,MATCH(B61,Reaches!$B$7:$B$60,0)),"") | D61: 4873.54 | E61: 10000
... A68: =IF(ISBLANK(B68),A67,IFERROR(INDEX(Reaches!$A$7:$A$60,MATCH(B68,Reaches!$B$7:$B$60,0)),-1)) -> 3 | C68: =IFERROR(INDEX(Reaches!$G$7:$G$60,MATCH(B68,Reaches!$B$7:$B$60,0)),"") | D68: 598143.7 | E68: 3100000
A69: =IF(ISBLANK(B69),A48,IFERROR(INDEX(Reaches!$A$7:$A$60,MATCH(B69,Reaches!$B$7:$B$60,0)),-1)) -> 4 | B69: MFWillametteRv_R30 | C69: =IFERROR(INDEX(Reaches!$G$7:$G$60,MATCH(B69,Reaches!$B$7:$B$60,0)),"") -> 1 | D69: 0 | E69: 0 | F69: New from Chris Nygaard
A70: =IF(ISBLANK(B70),A69,IFERROR(INDEX(Reaches!$A$7:$A$60,MATCH(B70,Reaches!$B$7:$B$60,0)),-1)) -> 4 | C70: =IFERROR(INDEX(Reaches!$G$7:$G$60,MATCH(B70,Reaches!$B$7:$B$60,0)),"") | D70: 231.89 | E70: 1200
A71: =IF(ISBLANK(B71),A70,IFERROR(INDEX(Reaches!$A$7:$A$60,MATCH(B71,Reaches!$B$7:$B$60,0)),-1)) -> 4 | C71: =IFERROR(INDEX(Reaches!$G$7:$G$60,MATCH(B71,Reaches!$B$7:$B$60,0)),"") | D71: 335.63 | E71: 2500
A72: =IF(ISBLANK(B72),A71,IFERROR(INDEX(Reaches!$A$7:$A$60,MATCH(B72,Reaches!$B$7:$B$60,0)),-1)) -> 4 | C72: =IFERROR(INDEX(Reaches!$G$7:$G$60,MATCH(B72,Reaches!$B$7:$B$60,0)),"") | D72: 571.89 | E72: 5000
A73: =IF(ISBLANK(B73),A72,IFERROR(INDEX(Reaches!$A$7:$A$60,MATCH(B73,Reaches!$B$7:$B$60,0)),-1)) -> 4 | C73: =IFERROR(INDEX(Reaches!$G$7:$G$60,MATCH(B73,Reaches!$B$7:$B$60,0)),"") | D73: 789.03 | E73: 7000
A74: =IF(ISBLANK(B74),A73,IFERROR(INDEX(Reaches!$A$7:$A$60,MATCH(B74,Reaches!$B$7:$B$60,0)),-1)) -> 4 | C74: =IFERROR(INDEX(Reaches!$G$7:$G$60,MATCH(B74,Reaches!$B$7:$B$60,0)),"") | D74: 922.08 | E74: 8000
A75: =IF(ISBLANK(B75),A74,IFERROR(INDEX(Reaches!$A$7:$A$60,MATCH(B75,Reaches!$B$7:$B$60,0)),-1)) -> 4 | C75: =IFERROR(INDEX(Reaches!$G$7:$G$60,MATCH(B75,Reaches!$B$7:$B$60,0)),"") | D75: 1100.18 | E75: 9000
A76: =IF(ISBLANK(B76),A75,IFERROR(INDEX(Reaches!$A$7:$A$60,MATCH(B76,Reaches!$B$7:$B$60,0)),-1)) -> 4 | C76: =IFERROR(INDEX(Reaches!$G$7:$G$60,MATCH(B76,Reaches!$B$7:$B$60,0)),"") | D76: 1276.03 | E76: 10000
A77: =IF(ISBLANK(B77),A76,IFERROR(INDEX(Reaches!$A$7:$A$60,MATCH(B77,Reaches!$B$7:$B$60,0)),-1)) -> 4 | C77: =IFERROR(INDEX(Reaches!$G$7:$G$60,MATCH(B77,Reaches!$B$7:$B$60,0)),"") | D77: 1450.14 | E77: 11000
A78: =IF(ISBLANK(B78),A77,IFERROR(INDEX(Reaches!$A$7:$A$60,MATCH(B78,Reaches!$B$7:$B$60,0)),-1)) -> 4 | C78: =IFERROR(INDEX(Reaches!$G$7:$G$60,MATCH(B78,Reaches!$B$7:$B$60,0)),"") | D78: 1618.66 | E78: 12000
A79: =IF(ISBLANK(B79),A78,IFERROR(INDEX(Reaches!$A$7:$A$60,MATCH(B79,Reaches!$B$7:$B$60,0)),-1)) -> 4 | C79: =IFERROR(INDEX(Reaches!$G$7:$G$60,MATCH(B79,Reaches!$B$7:$B$60,0)),"") | D79: 1993 | E79: 15000
A80: =IF(ISBLANK(B80),A79,IFERROR(INDEX(Reaches!$A$7:$A$60,MATCH(B80,Reaches!$B$7:$B$60,0)),-1)) -> 4 | C80: =IFERROR(INDEX(Reaches!$G$7:$G$60,MATCH(B80,Reaches!$B$7:$B$60,0)),"") | D80: 2576.1 | E80: 20000
A81: =IF(ISBLANK(B81),A80,IFERROR(INDEX(Reaches!$A$7:$A$60,MATCH(B81,Reaches!$B$7:$B$60,0)),-1)) -> 4 | C81: =IFERROR(INDEX(Reaches!$G$7:$G$60,MATCH(B81,Reaches!$B$7:$B$60,0)),"") | D81: 3176.57 | E81: 25000
... A92: =IF(ISBLANK(B92),A91,IFERROR(INDEX(Reaches!$A$7:$A$60,MATCH(B92,Reaches!$B$7:$B$60,0)),-1)) -> 4 | C92: =IFERROR(INDEX(Reaches!$G$7:$G$60,MATCH(B92,Reaches!$B$7:$B$60,0)),"") | D92: 198246.4 | E92: 5385000
A93: =IF(ISBLANK(B93),A92,IFERROR(INDEX(Reaches!$A$7:$A$60,MATCH(B93,Reaches!$B$7:$B$60,0)),-1)) -> 5 | B93: FallCk_R10 | C93: =IFERROR(INDEX(Reaches!$G$7:$G$60,MATCH(B93,Reaches!$B$7:$B$60,0)),"") -> 1 | D93: 0 | E93: 0 | F93: Modified manually
A94: =IF(ISBLANK(B94),A93,IFERROR(INDEX(Reaches!$A$7:$A$60,MATCH(B94,Reaches!$B$7:$B$60,0)),-1)) -> 5 | C94: =IFERROR(INDEX(Reaches!$G$7:$G$60,MATCH(B94,Reaches!$B$7:$B$60,0)),"") | D94: 45 | E94: 80
A95: =IF(ISBLANK(B95),A94,IFERROR(INDEX(Reaches!$A$7:$A$60,MATCH(B95,Reaches!$B$7:$B$60,0)),-1)) -> 5 | C95: =IFERROR(INDEX(Reaches!$G$7:$G$60,MATCH(B95,Reaches!$B$7:$B$60,0)),"") | D95: 54 | E95: 100
A96: =IF(ISBLANK(B96),A95,IFERROR(INDEX(Reaches!$A$7:$A$60,MATCH(B96,Reaches!$B$7:$B$60,0)),-1)) -> 5 | C96: =IFERROR(INDEX(Reaches!$G$7:$G$60,MATCH(B96,Reaches!$B$7:$B$60,0)),"") | D96: 97 | E96: 250
A97: =IF(ISBLANK(B97),A96,IFERROR(INDEX(Reaches!$A$7:$A$60,MATCH(B97,Reaches!$B$7:$B$60,0)),-1)) -> 5 | C97: =IFERROR(INDEX(Reaches!$G$7:$G$60,MATCH(B97,Reaches!$B$7:$B$60,0)),"") | D97: 155 | E97: 500
A98: =IF(ISBLANK(B98),A97,IFERROR(INDEX(Reaches!$A$7:$A$60,MATCH(B98,Reaches!$B$7:$B$60,0)),-1)) -> 5 | C98: =IFERROR(INDEX(Reaches!$G$7:$G$60,MATCH(B98,Reaches!$B$7:$B$60,0)),"") | D98: 248 | E98: 1000
A99: =IF(ISBLANK(B99),A98,IFERROR(INDEX(Reaches!$A$7:$A$60,MATCH(B99,Reaches!$B$7:$B$60,0)),-1)) -> 5 | C99: =IFERROR(INDEX(Reaches!$G$7:$G$60,MATCH(B99,Reaches!$B$7:$B$60,0)),"") | D99: 332 | E99: 1500
A100: =IF(ISBLANK(B100),A99,IFERROR(INDEX(Reaches!$A$7:$A$60,MATCH(B100,Reaches!$B$7:$B$60,0)),-1)) -> 5 | C100: =IFERROR(INDEX(Reaches!$G$7:$G$60,MATCH(B100,Reaches!$B$7:$B$60,0)),"") | D100: 408 | E100: 2000
A101: =IF(ISBLANK(B101),A100,IFERROR(INDEX(Reaches!$A$7:$A$60,MATCH(B101,Reaches!$B$7:$B$60,0)),-1)) -> 5 | C101: =IFERROR(INDEX(Reaches!$G$7:$G$60,MATCH(B101,Reaches!$B$7:$B$60,0)),"") | D101: 549 | E101: 3000
A102: =IF(ISBLANK(B102),A101,IFERROR(INDEX(Reaches!$A$7:$A$60,MATCH(B102,Reaches!$B$7:$B$60,0)),-1)) -> 5 | C102: =IFERROR(INDEX(Reaches!$G$7:$G$60,MATCH(B102,Reaches!$B$7:$B$60,0)),"") | D102: 657 | E102: 3800
A103: =IF(ISBLANK(B103),A102,IFERROR(INDEX(Reaches!$A$7:$A$60,MATCH(B103,Reaches!$B$7:$B$60,0)),-1)) -> 5 | C103: =IFERROR(INDEX(Reaches!$G$7:$G$60,MATCH(B103,Reaches!$B$7:$B$60,0)),"") | D103: 814 | E103: 5000
A104: =IF(ISBLANK(B104),A103,IFERROR(INDEX(Reaches!$A$7:$A$60,MATCH(B104,Reaches!$B$7:$B$60,0)),-1)) -> 5 | C104: =IFERROR(INDEX(Reaches!$G$7:$G$60,MATCH(B104,Reaches!$B$7:$B$60,0)),"") | D104: 1070 | E104: 7000
A105: =IF(ISBLANK(B105),A104,IFERROR(INDEX(Reaches!$A$7:$A$60,MATCH(B105,Reaches!$B$7:$B$60,0)),-1)) -> 5 | C105: =IFERROR(INDEX(Reaches!$G$7:$G$60,MATCH(B105,Reaches!$B$7:$B$60,0)),"") | D105: 1342 | E105: 9000
... A113: =IF(ISBLANK(B113),A112,IFERROR(INDEX(Reaches!$A$7:$A$60,MATCH(B113,Reaches!$B$7:$B$60,0)),-1)) -> 5 | C113: =IFERROR(INDEX(Reaches!$G$7:$G$60,MATCH(B113,Reaches!$B$7:$B$60,0)),"") | D113: 15000 | E113: 80000
A114: =IF(ISBLANK(B114),A113,IFERROR(INDEX(Reaches!$A$7:$A$60,MATCH(B114,Reaches!$B$7:$B$60,0)),-1)) -> 5 | D114: =ROUND(D113+(E114-E113)*(D113-D112)/(E113-E112),0) -> 209635 | E114: 999999
A115: =IF(ISBLANK(B115),A113,IFERROR(INDEX(Reaches!$A$7:$A$60,MATCH(B115,Reaches!$B$7:$B$60,0)),-1)) -> 6 | B115: MFWillametteRv_R20 | C115: =IFERROR(INDEX(Reaches!$G$7:$G$60,MATCH(B115,Reaches!$B$7:$B$60,0)),"") -> 1 | D115: 0 | E115: 0 | F115: New from Chris Nygaard
A116: =IF(ISBLANK(B116),A115,IFERROR(INDEX(Reaches!$A$7:$A$60,MATCH(B116,Reaches!$B$7:$B$60,0)),-1)) -> 6 | C116: =IFERROR(INDEX(Reaches!$G$7:$G$60,MATCH(B116,Reaches!$B$7:$B$60,0)),"") | D116: 131.23 | E116: 1200
A117: =IF(ISBLANK(B117),A116,IFERROR(INDEX(Reaches!$A$7:$A$60,MATCH(B117,Reaches!$B$7:$B$60,0)),-1)) -> 6 | C117: =IFERROR(INDEX(Reaches!$G$7:$G$60,MATCH(B117,Reaches!$B$7:$B$60,0)),"") | D117: 188.38 | E117: 2000
A118: =IF(ISBLANK(B118),A117,IFERROR(INDEX(Reaches!$A$7:$A$60,MATCH(B118,Reaches!$B$7:$B$60,0)),-1)) -> 6 | C118: =IFERROR(INDEX(Reaches!$G$7:$G$60,MATCH(B118,Reaches!$B$7:$B$60,0)),"") | D118: 251.11 | E118: 3000
A119: =IF(ISBLANK(B119),A118,IFERROR(INDEX(Reaches!$A$7:$A$60,MATCH(B119,Reaches!$B$7:$B$60,0)),-1)) -> 6 | C119: =IFERROR(INDEX(Reaches!$G$7:$G$60,MATCH(B119,Reaches!$B$7:$B$60,0)),"") | D119: 419.84 | E119: 6000
A120: =IF(ISBLANK(B120),A119,IFERROR(INDEX(Reaches!$A$7:$A$60,MATCH(B120,Reaches!$B$7:$B$60,0)),-1)) -> 6 | C120: =IFERROR(INDEX(Reaches!$G$7:$G$60,MATCH(B120,Reaches!$B$7:$B$60,0)),"") | D120: 568.92 | E120: 9000
A121: =IF(ISBLANK(B121),A120,IFERROR(INDEX(Reaches!$A$7:$A$60,MATCH(B121,Reaches!$B$7:$B$60,0)),-1)) -> 6 | C121: =IFERROR(INDEX(Reaches!$G$7:$G$60,MATCH(B121,Reaches!$B$7:$B$60,0)),"") | D121: 710.04 | E121: 12000
A122: =IF(ISBLANK(B122),A121,IFERROR(INDEX(Reaches!$A$7:$A$60,MATCH(B122,Reaches!$B$7:$B$60,0)),-1)) -> 6 | C122: =IFERROR(INDEX(Reaches!$G$7:$G$60,MATCH(B122,Reaches!$B$7:$B$60,0)),"") | D122: 856.76 | E122: 15000
A123: =IF(ISBLANK(B123),A122,IFERROR(INDEX(Reaches!$A$7:$A$60,MATCH(B123,Reaches!$B$7:$B$60,0)),-1)) -> 6 | C123: =IFERROR(INDEX(Reaches!$G$7:$G$60,MATCH(B123,Reaches!$B$7:$B$60,0)),"") | D123: 1010.34 | E123: 18000
A124: =IF(ISBLANK(B124),A123,IFERROR(INDEX(Reaches!$A$7:$A$60,MATCH(B124,Reaches!$B$7:$B$60,0)),-1)) -> 6 | C124: =IFERROR(INDEX(Reaches!$G$7:$G$60,MATCH(B124,Reaches!$B$7:$B$60,0)),"") | D124: 1120.54 | E124: 20000
A125: =IF(ISBLANK(B125),A124,IFERROR(INDEX(Reaches!$A$7:$A$60,MATCH(B125,Reaches!$B$7:$B$60,0)),-1)) -> 6 | C125: =IFERROR(INDEX(Reaches!$G$7:$G$60,MATCH(B125,Reaches!$B$7:$B$60,0)),"") | D125: 1422.23 | E125: 25000
A126: =IF(ISBLANK(B126),A125,IFERROR(INDEX(Reaches!$A$7:$A$60,MATCH(B126,Reaches!$B$7:$B$60,0)),-1)) -> 6 | C126: =IFERROR(INDEX(Reaches!$G$7:$G$60,MATCH(B126,Reaches!$B$7:$B$60,0)),"") | D126: 1740.97 | E126: 30000
A127: =IF(ISBLANK(B127),A126,IFERROR(INDEX(Reaches!$A$7:$A$60,MATCH(B127,Reaches!$B$7:$B$60,0)),-1)) -> 6 | C127: =IFERROR(INDEX(Reaches!$G$7:$G$60,MATCH(B127,Reaches!$B$7:$B$60,0)),"") | D127: 2077.47 | E127: 35000
... A138: =IF(ISBLANK(B138),A137,IFERROR(INDEX(Reaches!$A$7:$A$60,MATCH(B138,Reaches!$B$7:$B$60,0)),-1)) -> 6 | C138: =IFERROR(INDEX(Reaches!$G$7:$G$60,MATCH(B138,Reaches!$B$7:$B$60,0)),"") | D138: 105552.7 | E138: 3400000
A139: =IF(ISBLANK(B139),A138,IFERROR(INDEX(Reaches!$A$7:$A$60,MATCH(B139,Reaches!$B$7:$B$60,0)),-1)) -> 7 | B139: MFWillametteRv_R10 | C139: =IFERROR(INDEX(Reaches!$G$7:$G$60,MATCH(B139,Reaches!$B$7:$B$60,0)),"") -> 2 | D139: 0 | E139: 0 | F139: New from Chris Nygaard
A140: =IF(ISBLANK(B140),A139,IFERROR(INDEX(Reaches!$A$7:$A$60,MATCH(B140,Reaches!$B$7:$B$60,0)),-1)) -> 7 | C140: =IFERROR(INDEX(Reaches!$G$7:$G$60,MATCH(B140,Reaches!$B$7:$B$60,0)),"") | D140: 455.68 | E140: 1200
A141: =IF(ISBLANK(B141),A140,IFERROR(INDEX(Reaches!$A$7:$A$60,MATCH(B141,Reaches!$B$7:$B$60,0)),-1)) -> 7 | C141: =IFERROR(INDEX(Reaches!$G$7:$G$60,MATCH(B141,Reaches!$B$7:$B$60,0)),"") | D141: 664.82 | E141: 2000
A142: =IF(ISBLANK(B142),A141,IFERROR(INDEX(Reaches!$A$7:$A$60,MATCH(B142,Reaches!$B$7:$B$60,0)),-1)) -> 7 | C142: =IFERROR(INDEX(Reaches!$G$7:$G$60,MATCH(B142,Reaches!$B$7:$B$60,0)),"") | D142: 918.01 | E142: 3000
A143: =IF(ISBLANK(B143),A142,IFERROR(INDEX(Reaches!$A$7:$A$60,MATCH(B143,Reaches!$B$7:$B$60,0)),-1)) -> 7 | C143: =IFERROR(INDEX(Reaches!$G$7:$G$60,MATCH(B143,Reaches!$B$7:$B$60,0)),"") | D143: 1660.74 | E143: 6000
A144: =IF(ISBLANK(B144),A143,IFERROR(INDEX(Reaches!$A$7:$A$60,MATCH(B144,Reaches!$B$7:$B$60,0)),-1)) -> 7 | C144: =IFERROR(INDEX(Reaches!$G$7:$G$60,MATCH(B144,Reaches!$B$7:$B$60,0)),"") | D144: 2446.34 | E144: 9000
A145: =IF(ISBLANK(B145),A144,IFERROR(INDEX(Reaches!$A$7:$A$60,MATCH(B145,Reaches!$B$7:$B$60,0)),-1)) -> 7 | C145: =IFERROR(INDEX(Reaches!$G$7:$G$60,MATCH(B145,Reaches!$B$7:$B$60,0)),"") | D145: 3255.59 | E145: 12000
A146: =IF(ISBLANK(B146),A145,IFERROR(INDEX(Reaches!$A$7:$A$60,MATCH(B146,Reaches!$B$7:$B$60,0)),-1)) -> 7 | C146: =IFERROR(INDEX(Reaches!$G$7:$G$60,MATCH(B146,Reaches!$B$7:$B$60,0)),"") | D146: 4075.06 | E146: 15000
A147: =IF(ISBLANK(B147),A146,IFERROR(INDEX(Reaches!$A$7:$A$60,MATCH(B147,Reaches!$B$7:$B$60,0)),-1)) -> 7 | C147: =IFERROR(INDEX(Reaches!$G$7:$G$60,MATCH(B147,Reaches!$B$7:$B$60,0)),"") | D147: 4902.12 | E147: 18000
A148: =IF(ISBLANK(B148),A147,IFERROR(INDEX(Reaches!$A$7:$A$60,MATCH(B148,Reaches!$B$7:$B$60,0)),-1)) -> 7 | C148: =IFERROR(INDEX(Reaches!$G$7:$G$60,MATCH(B148,Reaches!$B$7:$B$60,0)),"") | D148: 5527.84 | E148: 20000
A149: =IF(ISBLANK(B149),A148,IFERROR(INDEX(Reaches!$A$7:$A$60,MATCH(B149,Reaches!$B$7:$B$60,0)),-1)) -> 7 | C149: =IFERROR(INDEX(Reaches!$G$7:$G$60,MATCH(B149,Reaches!$B$7:$B$60,0)),"") | D149: 7012.6 | E149: 25000
...
